channel,corr_spend_revenue
paid_social_spend,0.684030932809197
affiliate_spend,0.6773480519393975
paid_search_spend,0.6729483093514924
email_spend,0.6678400181693928
tv_spend,0.6649087748886802
display_spend,0.655379973524901
