dow_iso,avg_revenue,avg_spend
1,53279.28571428572,11545.45419047619
2,52662.78125,11522.974326923078
3,53719.65894230771,11516.95644230769
4,52942.69999999999,11509.460576923077
5,53477.76567307694,11535.222403846154
6,57713.02115384616,11543.562403846152
7,59290.93742857143,12119.478857142858
