factor,revenue_lift
holiday,0.17661399309710846
promo,0.09758978228112247
weekend,0.07238576969526167
