channel,attributed_revenue_30d,total_spend,roas_30d
paid_search_spend,11496000.636447001,2414099.4699999993,4.762024423313015
email_spend,1904049.62480973,399896.5600000004,4.761355348517447
display_spend,5708027.6907098,1198982.6200000006,4.76072596507679
paid_social_spend,9565097.256253464,2009386.4599999988,4.760207877708836
tv_spend,7611297.634775644,1599735.9000000006,4.757846363750192
affiliate_spend,3819514.7388088484,803094.3200000001,4.755997700007202
