channel,attributed_revenue_14d,total_spend,roas_14d
email_spend,1903394.8252098237,399896.5600000004,4.7597179260802385
paid_search_spend,11489507.907665802,2414099.4699999993,4.759334919892844
display_spend,5705969.779839526,1198982.6200000006,4.759009584175226
paid_social_spend,9561445.08575832,2009386.4599999988,4.758390322665121
tv_spend,7609295.769540823,1599735.9000000006,4.756594991423785
affiliate_spend,3818815.623968235,803094.3200000001,4.755127173565659
