channel,attributed_revenue_7d,total_spend,roas_7d
email_spend,1902591.4133687958,399896.5600000004,4.757708876937561
display_spend,5704049.5473552635,1198982.6200000006,4.757408032616237
paid_social_spend,9558671.095099082,2009386.4599999988,4.7570098064157795
paid_search_spend,11482804.023241382,2414099.4699999993,4.756557948807878
tv_spend,7606493.6270344565,1599735.9000000006,4.754843363229177
affiliate_spend,3817505.3506812467,803094.3200000001,4.753495642555717
