month_of_year,avg_revenue
1,58402.4164516129
2,65051.94859649123
3,69289.31109375
4,69451.23116666666
5,65587.53838709679
6,57499.74766666666
7,50575.64548387098
8,44287.87774193546
9,39929.06233333334
10,39725.67500000001
11,44372.8705
12,52187.2462295082
