month,avg_rev,lift_vs_annual
1,58402.4164516129,0.06497095376069151
2,65051.94859649123,0.1862255014429881
3,69604.985,0.26925034554630045
4,69451.23116666666,0.26644663678769076
5,65587.53838709679,0.1959920077757915
6,57499.74766666666,0.048510743802929523
7,50575.64548387098,-0.07775060210658136
8,44287.87774193546,-0.19240835800102696
9,39929.06233333334,-0.27189157265211517
10,39725.67500000001,-0.2756003507391024
11,44372.8705,-0.19085851085225802
12,52187.2462295082,-0.04836298276749651
