channel,avg_daily_spend,std_spend,coeff_var,min_spend,max_spend,days
affiliate_spend,1100.1292054794524,168.2893025490755,0.15297230698982542,779.32,2537.74,730
display_spend,1642.4419452054797,257.2613947870697,0.15663347830226335,1166.37,3960.3999999999996,730
email_spend,547.803506849315,85.66385427660413,0.15637697314005658,391.01,1350.97,730
paid_search_spend,3306.985575342464,511.32131126059755,0.15461854901125363,2337.17,7772.56,730
paid_social_spend,2752.584191780823,423.4976663165288,0.1538545733064539,1956.93,6394.49,730
tv_spend,2191.4190410958904,344.922182308108,0.15739672597515555,1566.57,5006.12,730
