channel,n_days,total_spend,avg_spend,median_spend,std_spend,min_spend,max_spend
affiliate_spend,730,803094.3200000001,1100.1292054794521,1102.1100000000001,141.8940045020062,779.32,1410.81
display_spend,730,1198982.6200000006,1642.4419452054804,1636.585,212.38818100916188,1166.37,2133.48
email_spend,730,399896.5600000004,547.8035068493156,544.515,71.23237068342921,391.01,712.11
paid_search_spend,730,2414099.4699999993,3306.985575342465,3312.7799999999997,427.6769699466542,2337.17,4220.13
paid_social_spend,730,2009386.4599999988,2752.58419178082,2765.925,353.6199378962837,1956.93,3556.52
tv_spend,730,1599735.9000000006,2191.4190410958913,2194.4049999999997,290.6564377643733,1566.57,2843.52
