n_days,total_revenue,avg_revenue,median_revenue,std_revenue,min_revenue,max_revenue
730,39953529.83999998,54730.86279452052,54507.965,11935.828290297814,32317.25,84602.26
