channel,total_spend
paid_search_spend,2414099.4699999993
paid_social_spend,2009386.4599999988
tv_spend,1599735.9000000006
display_spend,1198982.6200000006
affiliate_spend,803094.3200000001
email_spend,399896.5600000004
